[
    {
        "model": "token_blacklist.outstandingtoken",
        "pk": 1,
        "fields": {
            "user": null,
            "jti": "1dbcf3ddac114d27a911bd1017ed0839",
            "token": "eyJhbGciOiJIUzI1NiIsInR5cCI6IkpXVCJ9.eyJ0b2tlbl90eXBlIjoicmVmcmVzaCIsImV4cCI6MTc3NjM1ODgxMCwiaWF0IjoxNzc1NzU0MDEwLCJqdGkiOiIxZGJjZjNkZGFjMTE0ZDI3YTkxMWJkMTAxN2VkMDgzOSIsInVzZXJfaWQiOiJhNzZmOWI1Yy0zNjczLTQ1NGMtOTM4Ny1iM2YwYTYyYmMwMDMifQ.4ZoepmpaXknXyxW2QBMp5IMi0tFLY5nFVPWsMhwi00s",
            "created_at": "2026-04-09T17:00:10.740Z",
            "expires_at": "2026-04-16T17:00:10Z"
        }
    },
    {
        "model": "token_blacklist.outstandingtoken",
        "pk": 2,
        "fields": {
            "user": null,
            "jti": "b94309eb434342e7a7349b2f2caa7c9e",
            "token": "eyJhbGciOiJIUzI1NiIsInR5cCI6IkpXVCJ9.eyJ0b2tlbl90eXBlIjoicmVmcmVzaCIsImV4cCI6MTc3NjM2MTEzNSwiaWF0IjoxNzc1NzU2MzM1LCJqdGkiOiJiOTQzMDllYjQzNDM0MmU3YTczNDliMmYyY2FhN2M5ZSIsInVzZXJfaWQiOiI1YmMxYmEzYy1iMDM0LTRhOWUtODYzNi1hZjk1OGM3NWM0MzkifQ.ioFgMIsop9vDvCWo3612scnc8zXZuW1-v76xScD9SLw",
            "created_at": "2026-04-09T17:38:55.472Z",
            "expires_at": "2026-04-16T17:38:55Z"
        }
    },
    {
        "model": "token_blacklist.outstandingtoken",
        "pk": 3,
        "fields": {
            "user": null,
            "jti": "08296ff8329f472ab4beaf60875843e9",
            "token": "eyJhbGciOiJIUzI1NiIsInR5cCI6IkpXVCJ9.eyJ0b2tlbl90eXBlIjoicmVmcmVzaCIsImV4cCI6MTc3NjM2MTEzOSwiaWF0IjoxNzc1NzU2MzM5LCJqdGkiOiIwODI5NmZmODMyOWY0NzJhYjRiZWFmNjA4NzU4NDNlOSIsInVzZXJfaWQiOiI1YmMxYmEzYy1iMDM0LTRhOWUtODYzNi1hZjk1OGM3NWM0MzkifQ.lEjcSHmHsXagm-AQWFwu7Oh7Xhj3VjIpvgw4nlrUMXA",
            "created_at": "2026-04-09T17:38:59.053Z",
            "expires_at": "2026-04-16T17:38:59Z"
        }
    },
    {
        "model": "token_blacklist.outstandingtoken",
        "pk": 4,
        "fields": {
            "user": "9f25ba2a-9af2-4b1c-833d-8ae8e2630ebb",
            "jti": "6a8e40c987314ac78af9c176ccf76b39",
            "token": "eyJhbGciOiJIUzI1NiIsInR5cCI6IkpXVCJ9.eyJ0b2tlbl90eXBlIjoicmVmcmVzaCIsImV4cCI6MTc3NjM2MTU0OCwiaWF0IjoxNzc1NzU2NzQ4LCJqdGkiOiI2YThlNDBjOTg3MzE0YWM3OGFmOWMxNzZjY2Y3NmIzOSIsInVzZXJfaWQiOiI5ZjI1YmEyYS05YWYyLTRiMWMtODMzZC04YWU4ZTI2MzBlYmIifQ.BzLOR92xJeEMbT7KIuXho63uSY_KAuwQKc2eAA-TaHU",
            "created_at": "2026-04-09T17:45:48.116Z",
            "expires_at": "2026-04-16T17:45:48Z"
        }
    },
    {
        "model": "token_blacklist.outstandingtoken",
        "pk": 5,
        "fields": {
            "user": "9f25ba2a-9af2-4b1c-833d-8ae8e2630ebb",
            "jti": "5024e96ca96a4b1197a35f7077d58c15",
            "token": "eyJhbGciOiJIUzI1NiIsInR5cCI6IkpXVCJ9.eyJ0b2tlbl90eXBlIjoicmVmcmVzaCIsImV4cCI6MTc3NjM2MTU4OCwiaWF0IjoxNzc1NzU2Nzg4LCJqdGkiOiI1MDI0ZTk2Y2E5NmE0YjExOTdhMzVmNzA3N2Q1OGMxNSIsInVzZXJfaWQiOiI5ZjI1YmEyYS05YWYyLTRiMWMtODMzZC04YWU4ZTI2MzBlYmIifQ.SDXLRjfWTtmVbj0eiO0M04EQxANA9TVzFams74il_4M",
            "created_at": "2026-04-09T17:46:28.851Z",
            "expires_at": "2026-04-16T17:46:28Z"
        }
    },
    {
        "model": "token_blacklist.outstandingtoken",
        "pk": 6,
        "fields": {
            "user": "9f25ba2a-9af2-4b1c-833d-8ae8e2630ebb",
            "jti": "6d8e5ba854034e068557ab31a10ad17b",
            "token": "eyJhbGciOiJIUzI1NiIsInR5cCI6IkpXVCJ9.eyJ0b2tlbl90eXBlIjoicmVmcmVzaCIsImV4cCI6MTc3NjM2MTk0OSwiaWF0IjoxNzc1NzU3MTQ5LCJqdGkiOiI2ZDhlNWJhODU0MDM0ZTA2ODU1N2FiMzFhMTBhZDE3YiIsInVzZXJfaWQiOiI5ZjI1YmEyYS05YWYyLTRiMWMtODMzZC04YWU4ZTI2MzBlYmIifQ._oGiLgXmkzkMId-thqr0m9jeYabrw4IyOmkgfx_COCE",
            "created_at": "2026-04-09T17:52:29.756Z",
            "expires_at": "2026-04-16T17:52:29Z"
        }
    },
    {
        "model": "token_blacklist.outstandingtoken",
        "pk": 7,
        "fields": {
            "user": "9f25ba2a-9af2-4b1c-833d-8ae8e2630ebb",
            "jti": "4f59b3ffdd2146a3b48231bea599975a",
            "token": "eyJhbGciOiJIUzI1NiIsInR5cCI6IkpXVCJ9.eyJ0b2tlbl90eXBlIjoicmVmcmVzaCIsImV4cCI6MTc3NjM2MjU3OSwiaWF0IjoxNzc1NzU3Nzc5LCJqdGkiOiI0ZjU5YjNmZmRkMjE0NmEzYjQ4MjMxYmVhNTk5OTc1YSIsInVzZXJfaWQiOiI5ZjI1YmEyYS05YWYyLTRiMWMtODMzZC04YWU4ZTI2MzBlYmIifQ.bnsrSSMdKkdI0AObzyj-19zcR2Rmm-YgfrAakcC2U2g",
            "created_at": "2026-04-09T18:02:59.041Z",
            "expires_at": "2026-04-16T18:02:59Z"
        }
    },
    {
        "model": "token_blacklist.outstandingtoken",
        "pk": 8,
        "fields": {
            "user": "9f25ba2a-9af2-4b1c-833d-8ae8e2630ebb",
            "jti": "59563a701c3c4ef284954f1d1b9af8c0",
            "token": "eyJhbGciOiJIUzI1NiIsInR5cCI6IkpXVCJ9.eyJ0b2tlbl90eXBlIjoicmVmcmVzaCIsImV4cCI6MTc3NjM2Mjc1OSwiaWF0IjoxNzc1NzU3OTU5LCJqdGkiOiI1OTU2M2E3MDFjM2M0ZWYyODQ5NTRmMWQxYjlhZjhjMCIsInVzZXJfaWQiOiI5ZjI1YmEyYS05YWYyLTRiMWMtODMzZC04YWU4ZTI2MzBlYmIifQ.F8DEVY59eCowTgEtrmAuQ6DMqjmTXJxnynNcUo4-K8o",
            "created_at": "2026-04-09T18:05:59.227Z",
            "expires_at": "2026-04-16T18:05:59Z"
        }
    },
    {
        "model": "token_blacklist.outstandingtoken",
        "pk": 9,
        "fields": {
            "user": "9f25ba2a-9af2-4b1c-833d-8ae8e2630ebb",
            "jti": "aef837b88ed7405082976a31fe5e6453",
            "token": "eyJhbGciOiJIUzI1NiIsInR5cCI6IkpXVCJ9.eyJ0b2tlbl90eXBlIjoicmVmcmVzaCIsImV4cCI6MTc3NjM2MzA5NiwiaWF0IjoxNzc1NzU4Mjk2LCJqdGkiOiJhZWY4MzdiODhlZDc0MDUwODI5NzZhMzFmZTVlNjQ1MyIsInVzZXJfaWQiOiI5ZjI1YmEyYS05YWYyLTRiMWMtODMzZC04YWU4ZTI2MzBlYmIifQ.yu6uS2rBa9ZuQN9IINvWuQJZdWNGrTcIW5TU4I12jSs",
            "created_at": "2026-04-09T18:11:36.306Z",
            "expires_at": "2026-04-16T18:11:36Z"
        }
    },
    {
        "model": "token_blacklist.outstandingtoken",
        "pk": 10,
        "fields": {
            "user": "9f25ba2a-9af2-4b1c-833d-8ae8e2630ebb",
            "jti": "fefd146b717144b49b8135b328940b0d",
            "token": "eyJhbGciOiJIUzI1NiIsInR5cCI6IkpXVCJ9.eyJ0b2tlbl90eXBlIjoicmVmcmVzaCIsImV4cCI6MTc3NjM2MzEwNSwiaWF0IjoxNzc1NzU4MzA1LCJqdGkiOiJmZWZkMTQ2YjcxNzE0NGI0OWI4MTM1YjMyODk0MGIwZCIsInVzZXJfaWQiOiI5ZjI1YmEyYS05YWYyLTRiMWMtODMzZC04YWU4ZTI2MzBlYmIifQ.DsmwdscwZihQ5jhNMgjXQ4J9PqWsyU5PF3kHbkSBY-Y",
            "created_at": "2026-04-09T18:11:45.308Z",
            "expires_at": "2026-04-16T18:11:45Z"
        }
    },
    {
        "model": "token_blacklist.outstandingtoken",
        "pk": 11,
        "fields": {
            "user": "9f25ba2a-9af2-4b1c-833d-8ae8e2630ebb",
            "jti": "c768d253036a43e082b9d63c10489def",
            "token": "eyJhbGciOiJIUzI1NiIsInR5cCI6IkpXVCJ9.eyJ0b2tlbl90eXBlIjoicmVmcmVzaCIsImV4cCI6MTc3NjM2NDQ5OSwiaWF0IjoxNzc1NzU5Njk5LCJqdGkiOiJjNzY4ZDI1MzAzNmE0M2UwODJiOWQ2M2MxMDQ4OWRlZiIsInVzZXJfaWQiOiI5ZjI1YmEyYS05YWYyLTRiMWMtODMzZC04YWU4ZTI2MzBlYmIifQ.G0ExVWslHu0jUe9WzBx2E8THm5eZ0y7O8tE1VU4lhEM",
            "created_at": "2026-04-09T18:34:59.864Z",
            "expires_at": "2026-04-16T18:34:59Z"
        }
    },
    {
        "model": "token_blacklist.outstandingtoken",
        "pk": 12,
        "fields": {
            "user": "e330ec90-cdbb-4514-a2a5-e23ac9455f8c",
            "jti": "2cb35a00222c42c4b2ce376418878492",
            "token": "eyJhbGciOiJIUzI1NiIsInR5cCI6IkpXVCJ9.eyJ0b2tlbl90eXBlIjoicmVmcmVzaCIsImV4cCI6MTc3NjM2NjQ4MSwiaWF0IjoxNzc1NzYxNjgxLCJqdGkiOiIyY2IzNWEwMDIyMmM0MmM0YjJjZTM3NjQxODg3ODQ5MiIsInVzZXJfaWQiOiJlMzMwZWM5MC1jZGJiLTQ1MTQtYTJhNS1lMjNhYzk0NTVmOGMifQ.Syi9diGSDchTIY-S28qvc-bwsSFKYS0VeBkGhn1mXIg",
            "created_at": "2026-04-09T19:08:01.282Z",
            "expires_at": "2026-04-16T19:08:01Z"
        }
    },
    {
        "model": "token_blacklist.outstandingtoken",
        "pk": 13,
        "fields": {
            "user": "e330ec90-cdbb-4514-a2a5-e23ac9455f8c",
            "jti": "ceca8da0612546789998188470ed2e0b",
            "token": "eyJhbGciOiJIUzI1NiIsInR5cCI6IkpXVCJ9.eyJ0b2tlbl90eXBlIjoicmVmcmVzaCIsImV4cCI6MTc3NjM2NzA3NCwiaWF0IjoxNzc1NzYyMjc0LCJqdGkiOiJjZWNhOGRhMDYxMjU0Njc4OTk5ODE4ODQ3MGVkMmUwYiIsInVzZXJfaWQiOiJlMzMwZWM5MC1jZGJiLTQ1MTQtYTJhNS1lMjNhYzk0NTVmOGMifQ.uHwt3ybaqghcu9DIF8FyHDSOQUVyZGJbuB_3xUxEQ70",
            "created_at": "2026-04-09T19:17:54.268Z",
            "expires_at": "2026-04-16T19:17:54Z"
        }
    },
    {
        "model": "token_blacklist.outstandingtoken",
        "pk": 14,
        "fields": {
            "user": "e330ec90-cdbb-4514-a2a5-e23ac9455f8c",
            "jti": "cd613f441c844004bf009b8502c66937",
            "token": "eyJhbGciOiJIUzI1NiIsInR5cCI6IkpXVCJ9.eyJ0b2tlbl90eXBlIjoicmVmcmVzaCIsImV4cCI6MTc3NjM2NzIwNCwiaWF0IjoxNzc1NzYyNDA0LCJqdGkiOiJjZDYxM2Y0NDFjODQ0MDA0YmYwMDliODUwMmM2NjkzNyIsInVzZXJfaWQiOiJlMzMwZWM5MC1jZGJiLTQ1MTQtYTJhNS1lMjNhYzk0NTVmOGMifQ.heJ7x05pyYNQCSZGupamllkrpweWmFuE9GyLRD3gypU",
            "created_at": "2026-04-09T19:20:04.475Z",
            "expires_at": "2026-04-16T19:20:04Z"
        }
    },
    {
        "model": "token_blacklist.outstandingtoken",
        "pk": 15,
        "fields": {
            "user": "e330ec90-cdbb-4514-a2a5-e23ac9455f8c",
            "jti": "50f7e315cdc3499cab822aeeb3b92782",
            "token": "eyJhbGciOiJIUzI1NiIsInR5cCI6IkpXVCJ9.eyJ0b2tlbl90eXBlIjoicmVmcmVzaCIsImV4cCI6MTc3NjM2ODE0NywiaWF0IjoxNzc1NzYzMzQ3LCJqdGkiOiI1MGY3ZTMxNWNkYzM0OTljYWI4MjJhZWViM2I5Mjc4MiIsInVzZXJfaWQiOiJlMzMwZWM5MC1jZGJiLTQ1MTQtYTJhNS1lMjNhYzk0NTVmOGMifQ.3r4-9K-w9w8cIKCn5b4iT5HQS9bEE5nxkyF79xZAJuw",
            "created_at": "2026-04-09T19:35:47.851Z",
            "expires_at": "2026-04-16T19:35:47Z"
        }
    },
    {
        "model": "token_blacklist.outstandingtoken",
        "pk": 16,
        "fields": {
            "user": "e330ec90-cdbb-4514-a2a5-e23ac9455f8c",
            "jti": "24afa46f42074f37a4381f22730026db",
            "token": "eyJhbGciOiJIUzI1NiIsInR5cCI6IkpXVCJ9.eyJ0b2tlbl90eXBlIjoicmVmcmVzaCIsImV4cCI6MTc3NjM2ODM3MywiaWF0IjoxNzc1NzYzNTczLCJqdGkiOiIyNGFmYTQ2ZjQyMDc0ZjM3YTQzODFmMjI3MzAwMjZkYiIsInVzZXJfaWQiOiJlMzMwZWM5MC1jZGJiLTQ1MTQtYTJhNS1lMjNhYzk0NTVmOGMifQ.69Q4GXKkczcXMBwjthLeWdNxsXVTEhRTRpeyHKRnCTY",
            "created_at": "2026-04-09T19:39:33.825Z",
            "expires_at": "2026-04-16T19:39:33Z"
        }
    },
    {
        "model": "token_blacklist.outstandingtoken",
        "pk": 17,
        "fields": {
            "user": "e330ec90-cdbb-4514-a2a5-e23ac9455f8c",
            "jti": "ecaad7d3ec7c4e74b35e24c6c31e0a65",
            "token": "eyJhbGciOiJIUzI1NiIsInR5cCI6IkpXVCJ9.eyJ0b2tlbl90eXBlIjoicmVmcmVzaCIsImV4cCI6MTc3NjM3NzAwMCwiaWF0IjoxNzc1NzcyMjAwLCJqdGkiOiJlY2FhZDdkM2VjN2M0ZTc0YjM1ZTI0YzZjMzFlMGE2NSIsInVzZXJfaWQiOiJlMzMwZWM5MC1jZGJiLTQ1MTQtYTJhNS1lMjNhYzk0NTVmOGMiLCJyb2xlIjoiYWRtaW4iLCJlbWFpbCI6ImFkbWluQGFkbWluLmNvbSJ9.gL1QQp4FuWrtpkNtNkEoPjuoHjm6sIW9nITXIVeDwZk",
            "created_at": "2026-04-09T22:03:20.281Z",
            "expires_at": "2026-04-16T22:03:20Z"
        }
    },
    {
        "model": "token_blacklist.outstandingtoken",
        "pk": 18,
        "fields": {
            "user": "e330ec90-cdbb-4514-a2a5-e23ac9455f8c",
            "jti": "bc96a73f0f3e47febee185e9c4655845",
            "token": "eyJhbGciOiJIUzI1NiIsInR5cCI6IkpXVCJ9.eyJ0b2tlbl90eXBlIjoicmVmcmVzaCIsImV4cCI6MTc3NjM3NzAwNywiaWF0IjoxNzc1NzcyMjA3LCJqdGkiOiJiYzk2YTczZjBmM2U0N2ZlYmVlMTg1ZTljNDY1NTg0NSIsInVzZXJfaWQiOiJlMzMwZWM5MC1jZGJiLTQ1MTQtYTJhNS1lMjNhYzk0NTVmOGMifQ.ng26vo4NMJGAdSA9vq_-2EA6iVrrcv74Kwi2kAvgnnQ",
            "created_at": "2026-04-09T22:03:27.328Z",
            "expires_at": "2026-04-16T22:03:27Z"
        }
    },
    {
        "model": "token_blacklist.outstandingtoken",
        "pk": 19,
        "fields": {
            "user": "eef10f53-b016-420e-9f6d-e9473e186501",
            "jti": "f2b1c7ec2f8d4b5ca896d4a91c6bc93b",
            "token": "eyJhbGciOiJIUzI1NiIsInR5cCI6IkpXVCJ9.eyJ0b2tlbl90eXBlIjoicmVmcmVzaCIsImV4cCI6MTc3NjM3NzIyNywiaWF0IjoxNzc1NzcyNDI3LCJqdGkiOiJmMmIxYzdlYzJmOGQ0YjVjYTg5NmQ0YTkxYzZiYzkzYiIsInVzZXJfaWQiOiJlZWYxMGY1My1iMDE2LTQyMGUtOWY2ZC1lOTQ3M2UxODY1MDEifQ.KohhF5KWfBJ4URP7JHMlXImyM8mSnTt3FP5bqHZ_Rmc",
            "created_at": "2026-04-09T22:07:07.772Z",
            "expires_at": "2026-04-16T22:07:07Z"
        }
    },
    {
        "model": "token_blacklist.outstandingtoken",
        "pk": 20,
        "fields": {
            "user": "eef10f53-b016-420e-9f6d-e9473e186501",
            "jti": "1150284e68154459bed5ec159daeb81d",
            "token": "eyJhbGciOiJIUzI1NiIsInR5cCI6IkpXVCJ9.eyJ0b2tlbl90eXBlIjoicmVmcmVzaCIsImV4cCI6MTc3NjM3Nzg5NCwiaWF0IjoxNzc1NzczMDk0LCJqdGkiOiIxMTUwMjg0ZTY4MTU0NDU5YmVkNWVjMTU5ZGFlYjgxZCIsInVzZXJfaWQiOiJlZWYxMGY1My1iMDE2LTQyMGUtOWY2ZC1lOTQ3M2UxODY1MDEifQ.CVSQDI0uw6K1qVZ-61XKZCAFX3LtaiEMPNQ2yjO1HsQ",
            "created_at": "2026-04-09T22:18:14.051Z",
            "expires_at": "2026-04-16T22:18:14Z"
        }
    },
    {
        "model": "token_blacklist.outstandingtoken",
        "pk": 21,
        "fields": {
            "user": "e330ec90-cdbb-4514-a2a5-e23ac9455f8c",
            "jti": "2ba3660508034f1abeeec27e87f3df1d",
            "token": "eyJhbGciOiJIUzI1NiIsInR5cCI6IkpXVCJ9.eyJ0b2tlbl90eXBlIjoicmVmcmVzaCIsImV4cCI6MTc3NjM3ODEzNSwiaWF0IjoxNzc1NzczMzM1LCJqdGkiOiIyYmEzNjYwNTA4MDM0ZjFhYmVlZWMyN2U4N2YzZGYxZCIsInVzZXJfaWQiOiJlMzMwZWM5MC1jZGJiLTQ1MTQtYTJhNS1lMjNhYzk0NTVmOGMifQ.PxQOf9BzuoyPqI-QIbHV4u8eAph8S7DWeUa9u_wfuqE",
            "created_at": "2026-04-09T22:22:15.285Z",
            "expires_at": "2026-04-16T22:22:15Z"
        }
    },
    {
        "model": "token_blacklist.outstandingtoken",
        "pk": 22,
        "fields": {
            "user": "eef10f53-b016-420e-9f6d-e9473e186501",
            "jti": "3e2e38ab7dce4211948d5d9c624a0fdd",
            "token": "eyJhbGciOiJIUzI1NiIsInR5cCI6IkpXVCJ9.eyJ0b2tlbl90eXBlIjoicmVmcmVzaCIsImV4cCI6MTc3NjM3ODkwNCwiaWF0IjoxNzc1Nzc0MTA0LCJqdGkiOiIzZTJlMzhhYjdkY2U0MjExOTQ4ZDVkOWM2MjRhMGZkZCIsInVzZXJfaWQiOiJlZWYxMGY1My1iMDE2LTQyMGUtOWY2ZC1lOTQ3M2UxODY1MDEifQ.jnNQuhcXbWJOpNBAWfckwrru5Bojsh5-UIE_Nl5d-UE",
            "created_at": "2026-04-09T22:35:04.284Z",
            "expires_at": "2026-04-16T22:35:04Z"
        }
    },
    {
        "model": "token_blacklist.outstandingtoken",
        "pk": 23,
        "fields": {
            "user": "eef10f53-b016-420e-9f6d-e9473e186501",
            "jti": "2a36bd89eb774c7abf3529eca80bf1f4",
            "token": "eyJhbGciOiJIUzI1NiIsInR5cCI6IkpXVCJ9.eyJ0b2tlbl90eXBlIjoicmVmcmVzaCIsImV4cCI6MTc3NjQwODc3MywiaWF0IjoxNzc1ODAzOTczLCJqdGkiOiIyYTM2YmQ4OWViNzc0YzdhYmYzNTI5ZWNhODBiZjFmNCIsInVzZXJfaWQiOiJlZWYxMGY1My1iMDE2LTQyMGUtOWY2ZC1lOTQ3M2UxODY1MDEiLCJyb2xlIjoic3R1ZGVudCIsImVtYWlsIjoic3R1ZGVudEB0ZXN0LmNvbSJ9.D5MCVdlPuJtdvbE0QzXgyqYAqTQfHNH9l_pXr7N6oeY",
            "created_at": "2026-04-10T06:52:53.594Z",
            "expires_at": "2026-04-17T06:52:53Z"
        }
    },
    {
        "model": "token_blacklist.outstandingtoken",
        "pk": 24,
        "fields": {
            "user": "eef10f53-b016-420e-9f6d-e9473e186501",
            "jti": "567eb2eb0a6148e68a56bc40c047fdcb",
            "token": "eyJhbGciOiJIUzI1NiIsInR5cCI6IkpXVCJ9.eyJ0b2tlbl90eXBlIjoicmVmcmVzaCIsImV4cCI6MTc3NjQwODc3NSwiaWF0IjoxNzc1ODAzOTc1LCJqdGkiOiI1NjdlYjJlYjBhNjE0OGU2OGE1NmJjNDBjMDQ3ZmRjYiIsInVzZXJfaWQiOiJlZWYxMGY1My1iMDE2LTQyMGUtOWY2ZC1lOTQ3M2UxODY1MDEifQ.qwLFV14Jiw7JObQSZDmWi-sGHsCMQWD-gSul9fsdQYA",
            "created_at": "2026-04-10T06:52:55.274Z",
            "expires_at": "2026-04-17T06:52:55Z"
        }
    },
    {
        "model": "token_blacklist.outstandingtoken",
        "pk": 25,
        "fields": {
            "user": "eef10f53-b016-420e-9f6d-e9473e186501",
            "jti": "7d4d522a1ab843aab7cc60a07dacc533",
            "token": "eyJhbGciOiJIUzI1NiIsInR5cCI6IkpXVCJ9.eyJ0b2tlbl90eXBlIjoicmVmcmVzaCIsImV4cCI6MTc3NjQwOTE1MywiaWF0IjoxNzc1ODA0MzUzLCJqdGkiOiI3ZDRkNTIyYTFhYjg0M2FhYjdjYzYwYTA3ZGFjYzUzMyIsInVzZXJfaWQiOiJlZWYxMGY1My1iMDE2LTQyMGUtOWY2ZC1lOTQ3M2UxODY1MDEifQ.DMkAuzuFDIKNkY75wDrbNCURnWjJKG8STnuZEyAaiUE",
            "created_at": "2026-04-10T06:59:13.615Z",
            "expires_at": "2026-04-17T06:59:13Z"
        }
    },
    {
        "model": "token_blacklist.outstandingtoken",
        "pk": 26,
        "fields": {
            "user": "eef10f53-b016-420e-9f6d-e9473e186501",
            "jti": "cae1e46e3a764cc7b47502da530f5f21",
            "token": "eyJhbGciOiJIUzI1NiIsInR5cCI6IkpXVCJ9.eyJ0b2tlbl90eXBlIjoicmVmcmVzaCIsImV4cCI6MTc3NjQwOTIxMywiaWF0IjoxNzc1ODA0NDEzLCJqdGkiOiJjYWUxZTQ2ZTNhNzY0Y2M3YjQ3NTAyZGE1MzBmNWYyMSIsInVzZXJfaWQiOiJlZWYxMGY1My1iMDE2LTQyMGUtOWY2ZC1lOTQ3M2UxODY1MDEifQ.3W5lSDhddQnC9JPwP-uLJnEHpVDFp4jdeop-paSQ4Dc",
            "created_at": "2026-04-10T07:00:13.309Z",
            "expires_at": "2026-04-17T07:00:13Z"
        }
    },
    {
        "model": "token_blacklist.outstandingtoken",
        "pk": 27,
        "fields": {
            "user": "e330ec90-cdbb-4514-a2a5-e23ac9455f8c",
            "jti": "5ed18862c72d4350b602acf4097a16c3",
            "token": "eyJhbGciOiJIUzI1NiIsInR5cCI6IkpXVCJ9.eyJ0b2tlbl90eXBlIjoicmVmcmVzaCIsImV4cCI6MTc3NjQwOTIyMywiaWF0IjoxNzc1ODA0NDIzLCJqdGkiOiI1ZWQxODg2MmM3MmQ0MzUwYjYwMmFjZjQwOTdhMTZjMyIsInVzZXJfaWQiOiJlMzMwZWM5MC1jZGJiLTQ1MTQtYTJhNS1lMjNhYzk0NTVmOGMifQ._NKTzuWP2e212tQG_-PS6qiY5Ooq9DzpME2bRnCSvws",
            "created_at": "2026-04-10T07:00:23.094Z",
            "expires_at": "2026-04-17T07:00:23Z"
        }
    },
    {
        "model": "token_blacklist.outstandingtoken",
        "pk": 28,
        "fields": {
            "user": "eef10f53-b016-420e-9f6d-e9473e186501",
            "jti": "8aebf4407e9c4325a31c92329d55c219",
            "token": "eyJhbGciOiJIUzI1NiIsInR5cCI6IkpXVCJ9.eyJ0b2tlbl90eXBlIjoicmVmcmVzaCIsImV4cCI6MTc3NjQxMDY2MSwiaWF0IjoxNzc1ODA1ODYxLCJqdGkiOiI4YWViZjQ0MDdlOWM0MzI1YTMxYzkyMzI5ZDU1YzIxOSIsInVzZXJfaWQiOiJlZWYxMGY1My1iMDE2LTQyMGUtOWY2ZC1lOTQ3M2UxODY1MDEifQ.7-mHKhtU5ovycv3cxWkaG11VP5VmQ2hFSsV3knbNoo8",
            "created_at": "2026-04-10T07:24:21.738Z",
            "expires_at": "2026-04-17T07:24:21Z"
        }
    },
    {
        "model": "token_blacklist.outstandingtoken",
        "pk": 29,
        "fields": {
            "user": "eef10f53-b016-420e-9f6d-e9473e186501",
            "jti": "5f68729588c94d4cac7403b3b9ab1bd0",
            "token": "eyJhbGciOiJIUzI1NiIsInR5cCI6IkpXVCJ9.eyJ0b2tlbl90eXBlIjoicmVmcmVzaCIsImV4cCI6MTc3NjQxMDk4MSwiaWF0IjoxNzc1ODA2MTgxLCJqdGkiOiI1ZjY4NzI5NTg4Yzk0ZDRjYWM3NDAzYjNiOWFiMWJkMCIsInVzZXJfaWQiOiJlZWYxMGY1My1iMDE2LTQyMGUtOWY2ZC1lOTQ3M2UxODY1MDEifQ.CXhUXCSR0BIDFEfn2SFOrYlpJ981rvaLn7zK5azJ_qM",
            "created_at": "2026-04-10T07:29:41.151Z",
            "expires_at": "2026-04-17T07:29:41Z"
        }
    },
    {
        "model": "token_blacklist.outstandingtoken",
        "pk": 30,
        "fields": {
            "user": "e330ec90-cdbb-4514-a2a5-e23ac9455f8c",
            "jti": "d2cdcba3dc2a49ac9ededfb24e1ebd4e",
            "token": "eyJhbGciOiJIUzI1NiIsInR5cCI6IkpXVCJ9.eyJ0b2tlbl90eXBlIjoicmVmcmVzaCIsImV4cCI6MTc3NjQxMTI1MSwiaWF0IjoxNzc1ODA2NDUxLCJqdGkiOiJkMmNkY2JhM2RjMmE0OWFjOWVkZWRmYjI0ZTFlYmQ0ZSIsInVzZXJfaWQiOiJlMzMwZWM5MC1jZGJiLTQ1MTQtYTJhNS1lMjNhYzk0NTVmOGMifQ.ity5U0jeCTjIDtmIIuohfT2EQIhkS5SUbzsxRJz113w",
            "created_at": "2026-04-10T07:34:11.520Z",
            "expires_at": "2026-04-17T07:34:11Z"
        }
    },
    {
        "model": "token_blacklist.outstandingtoken",
        "pk": 31,
        "fields": {
            "user": "eef10f53-b016-420e-9f6d-e9473e186501",
            "jti": "cc091e7ee2b443ffa30884fc2cf11b5e",
            "token": "eyJhbGciOiJIUzI1NiIsInR5cCI6IkpXVCJ9.eyJ0b2tlbl90eXBlIjoicmVmcmVzaCIsImV4cCI6MTc3NjQxMjg0OCwiaWF0IjoxNzc1ODA4MDQ4LCJqdGkiOiJjYzA5MWU3ZWUyYjQ0M2ZmYTMwODg0ZmMyY2YxMWI1ZSIsInVzZXJfaWQiOiJlZWYxMGY1My1iMDE2LTQyMGUtOWY2ZC1lOTQ3M2UxODY1MDEifQ.5OgDelzfujsoOSrakgb2LXkn0EjLuIxrXvsE8nt-Jvk",
            "created_at": "2026-04-10T08:00:48.869Z",
            "expires_at": "2026-04-17T08:00:48Z"
        }
    },
    {
        "model": "token_blacklist.outstandingtoken",
        "pk": 32,
        "fields": {
            "user": "eef10f53-b016-420e-9f6d-e9473e186501",
            "jti": "ed9809cb8059452fa7c63414a5552ee4",
            "token": "eyJhbGciOiJIUzI1NiIsInR5cCI6IkpXVCJ9.eyJ0b2tlbl90eXBlIjoicmVmcmVzaCIsImV4cCI6MTc3NjQxMzIwNywiaWF0IjoxNzc1ODA4NDA3LCJqdGkiOiJlZDk4MDljYjgwNTk0NTJmYTdjNjM0MTRhNTU1MmVlNCIsInVzZXJfaWQiOiJlZWYxMGY1My1iMDE2LTQyMGUtOWY2ZC1lOTQ3M2UxODY1MDEifQ.xegkFCAD4silxuVFdT-O0MLepliG-3u2khUtRantSco",
            "created_at": "2026-04-10T08:06:47.664Z",
            "expires_at": "2026-04-17T08:06:47Z"
        }
    },
    {
        "model": "token_blacklist.outstandingtoken",
        "pk": 33,
        "fields": {
            "user": "ab8a954e-fc0f-4a48-a7aa-cf474b71541f",
            "jti": "0c979f9922d649baaecd5055bec21044",
            "token": "eyJhbGciOiJIUzI1NiIsInR5cCI6IkpXVCJ9.eyJ0b2tlbl90eXBlIjoicmVmcmVzaCIsImV4cCI6MTc3NjQxMzgyMywiaWF0IjoxNzc1ODA5MDIzLCJqdGkiOiIwYzk3OWY5OTIyZDY0OWJhYWVjZDUwNTViZWMyMTA0NCIsInVzZXJfaWQiOiJhYjhhOTU0ZS1mYzBmLTRhNDgtYTdhYS1jZjQ3NGI3MTU0MWYifQ.B0rHJCUPBc1yGRC_fTOGe22GzSShMmmc1aGrS4gqCzM",
            "created_at": "2026-04-10T08:17:03.426Z",
            "expires_at": "2026-04-17T08:17:03Z"
        }
    },
    {
        "model": "token_blacklist.outstandingtoken",
        "pk": 34,
        "fields": {
            "user": "e330ec90-cdbb-4514-a2a5-e23ac9455f8c",
            "jti": "52b6208d9e8a4496bd121cbe2bb57657",
            "token": "eyJhbGciOiJIUzI1NiIsInR5cCI6IkpXVCJ9.eyJ0b2tlbl90eXBlIjoicmVmcmVzaCIsImV4cCI6MTc3NjQxMzg0MywiaWF0IjoxNzc1ODA5MDQzLCJqdGkiOiI1MmI2MjA4ZDllOGE0NDk2YmQxMjFjYmUyYmI1NzY1NyIsInVzZXJfaWQiOiJlMzMwZWM5MC1jZGJiLTQ1MTQtYTJhNS1lMjNhYzk0NTVmOGMifQ.j5aCM4su4pfbtJgA1WS9ZG5tEnKe2Hjx291T6NhRTmg",
            "created_at": "2026-04-10T08:17:23.868Z",
            "expires_at": "2026-04-17T08:17:23Z"
        }
    },
    {
        "model": "token_blacklist.outstandingtoken",
        "pk": 35,
        "fields": {
            "user": "e330ec90-cdbb-4514-a2a5-e23ac9455f8c",
            "jti": "4f1139bd9e754167a363bd58574a0ca8",
            "token": "eyJhbGciOiJIUzI1NiIsInR5cCI6IkpXVCJ9.eyJ0b2tlbl90eXBlIjoicmVmcmVzaCIsImV4cCI6MTc3NjQzNDEyMSwiaWF0IjoxNzc1ODI5MzIxLCJqdGkiOiI0ZjExMzliZDllNzU0MTY3YTM2M2JkNTg1NzRhMGNhOCIsInVzZXJfaWQiOiJlMzMwZWM5MC1jZGJiLTQ1MTQtYTJhNS1lMjNhYzk0NTVmOGMiLCJyb2xlIjoiYWRtaW4iLCJlbWFpbCI6ImFkbWluQGFkbWluLmNvbSJ9.J3ph1lKS3uL1kXQ1qmgyATz1fsJ3k49u6j8cWwjOwmw",
            "created_at": "2026-04-10T13:55:21.320Z",
            "expires_at": "2026-04-17T13:55:21Z"
        }
    },
    {
        "model": "token_blacklist.outstandingtoken",
        "pk": 36,
        "fields": {
            "user": "eef10f53-b016-420e-9f6d-e9473e186501",
            "jti": "3a189feca6eb4c009eb342cb3343b13f",
            "token": "eyJhbGciOiJIUzI1NiIsInR5cCI6IkpXVCJ9.eyJ0b2tlbl90eXBlIjoicmVmcmVzaCIsImV4cCI6MTc3NjQzNDEyMiwiaWF0IjoxNzc1ODI5MzIyLCJqdGkiOiIzYTE4OWZlY2E2ZWI0YzAwOWViMzQyY2IzMzQzYjEzZiIsInVzZXJfaWQiOiJlZWYxMGY1My1iMDE2LTQyMGUtOWY2ZC1lOTQ3M2UxODY1MDEifQ.2zqS2OB0zrZ0D7jEKnEjrR-_VDkWNQGAAFrwxB33Qsw",
            "created_at": "2026-04-10T13:55:22.911Z",
            "expires_at": "2026-04-17T13:55:22Z"
        }
    },
    {
        "model": "token_blacklist.outstandingtoken",
        "pk": 37,
        "fields": {
            "user": "eef10f53-b016-420e-9f6d-e9473e186501",
            "jti": "d19698d7aa4f4d2cab10334e209b6bba",
            "token": "eyJhbGciOiJIUzI1NiIsInR5cCI6IkpXVCJ9.eyJ0b2tlbl90eXBlIjoicmVmcmVzaCIsImV4cCI6MTc3NjQzNDI1OCwiaWF0IjoxNzc1ODI5NDU4LCJqdGkiOiJkMTk2OThkN2FhNGY0ZDJjYWIxMDMzNGUyMDliNmJiYSIsInVzZXJfaWQiOiJlZWYxMGY1My1iMDE2LTQyMGUtOWY2ZC1lOTQ3M2UxODY1MDEifQ.XlXMVGhx5PiS3f2A3Km-Gqa3k00qWYQEtbbfYUyf0IQ",
            "created_at": "2026-04-10T13:57:38.825Z",
            "expires_at": "2026-04-17T13:57:38Z"
        }
    },
    {
        "model": "token_blacklist.outstandingtoken",
        "pk": 38,
        "fields": {
            "user": "eef10f53-b016-420e-9f6d-e9473e186501",
            "jti": "ea4c7952a4ef44fdb5a6f0e66f430c85",
            "token": "eyJhbGciOiJIUzI1NiIsInR5cCI6IkpXVCJ9.eyJ0b2tlbl90eXBlIjoicmVmcmVzaCIsImV4cCI6MTc3NjQzNDYzMCwiaWF0IjoxNzc1ODI5ODMwLCJqdGkiOiJlYTRjNzk1MmE0ZWY0NGZkYjVhNmYwZTY2ZjQzMGM4NSIsInVzZXJfaWQiOiJlZWYxMGY1My1iMDE2LTQyMGUtOWY2ZC1lOTQ3M2UxODY1MDEifQ.7sJFXVLxxn0WsDo5EafBoMKCdt7QBcmIypOnt-RHKJE",
            "created_at": "2026-04-10T14:03:50.886Z",
            "expires_at": "2026-04-17T14:03:50Z"
        }
    },
    {
        "model": "token_blacklist.outstandingtoken",
        "pk": 39,
        "fields": {
            "user": "e330ec90-cdbb-4514-a2a5-e23ac9455f8c",
            "jti": "71730e95b9a145d9adbb1895008f5041",
            "token": "eyJhbGciOiJIUzI1NiIsInR5cCI6IkpXVCJ9.eyJ0b2tlbl90eXBlIjoicmVmcmVzaCIsImV4cCI6MTc3NjQzNDYzOCwiaWF0IjoxNzc1ODI5ODM4LCJqdGkiOiI3MTczMGU5NWI5YTE0NWQ5YWRiYjE4OTUwMDhmNTA0MSIsInVzZXJfaWQiOiJlMzMwZWM5MC1jZGJiLTQ1MTQtYTJhNS1lMjNhYzk0NTVmOGMifQ.f2j8MOxub3E-NTpipARgBcBw4kLiYtWeuxMctr3HQLo",
            "created_at": "2026-04-10T14:03:58.946Z",
            "expires_at": "2026-04-17T14:03:58Z"
        }
    },
    {
        "model": "token_blacklist.outstandingtoken",
        "pk": 40,
        "fields": {
            "user": "e330ec90-cdbb-4514-a2a5-e23ac9455f8c",
            "jti": "4c56d639abfa44be8088119908e7e68e",
            "token": "eyJhbGciOiJIUzI1NiIsInR5cCI6IkpXVCJ9.eyJ0b2tlbl90eXBlIjoicmVmcmVzaCIsImV4cCI6MTc3NjQzNDc3NiwiaWF0IjoxNzc1ODI5OTc2LCJqdGkiOiI0YzU2ZDYzOWFiZmE0NGJlODA4ODExOTkwOGU3ZTY4ZSIsInVzZXJfaWQiOiJlMzMwZWM5MC1jZGJiLTQ1MTQtYTJhNS1lMjNhYzk0NTVmOGMifQ.ED71e_SdAWahMA-m0HAtooXM88GgYPYI_i2zn9XvAko",
            "created_at": "2026-04-10T14:06:16.893Z",
            "expires_at": "2026-04-17T14:06:16Z"
        }
    },
    {
        "model": "token_blacklist.outstandingtoken",
        "pk": 41,
        "fields": {
            "user": "e330ec90-cdbb-4514-a2a5-e23ac9455f8c",
            "jti": "9c0a800a544f4bf389b6855696e5053d",
            "token": "eyJhbGciOiJIUzI1NiIsInR5cCI6IkpXVCJ9.eyJ0b2tlbl90eXBlIjoicmVmcmVzaCIsImV4cCI6MTc3NjQzNTA0MiwiaWF0IjoxNzc1ODMwMjQyLCJqdGkiOiI5YzBhODAwYTU0NGY0YmYzODliNjg1NTY5NmU1MDUzZCIsInVzZXJfaWQiOiJlMzMwZWM5MC1jZGJiLTQ1MTQtYTJhNS1lMjNhYzk0NTVmOGMifQ.SoYRuNOdgwQ1T0VxFgJcuyFwNyluN2bfmbCc6rDgK4U",
            "created_at": "2026-04-10T14:10:42.971Z",
            "expires_at": "2026-04-17T14:10:42Z"
        }
    },
    {
        "model": "token_blacklist.blacklistedtoken",
        "pk": 1,
        "fields": {
            "token": 13,
            "blacklisted_at": "2026-04-09T22:03:20.402Z"
        }
    },
    {
        "model": "token_blacklist.blacklistedtoken",
        "pk": 2,
        "fields": {
            "token": 22,
            "blacklisted_at": "2026-04-10T06:52:53.626Z"
        }
    },
    {
        "model": "token_blacklist.blacklistedtoken",
        "pk": 3,
        "fields": {
            "token": 34,
            "blacklisted_at": "2026-04-10T13:55:21.348Z"
        }
    },
    {
        "model": "users.user",
        "pk": "1569cb6e-a014-4f94-b625-611b599a7b79",
        "fields": {
            "password": "pbkdf2_sha256$600000$BJzdtRViqjyGb7Z2Xip6i0$qRDGtdtFKIHUFzYq4DF8V24vRvyqxsIjvxHEjLwLRbY=",
            "last_login": null,
            "is_superuser": false,
            "email": "conductor@test.com",
            "phone": "",
            "role": "conductor",
            "is_active": true,
            "is_staff": false,
            "is_verified": true,
            "created_at": "2026-04-09T18:58:57.803Z",
            "updated_at": "2026-04-09T19:02:34.151Z",
            "groups": [],
            "user_permissions": []
        }
    },
    {
        "model": "users.user",
        "pk": "7112eb97-57f3-41df-8f11-ea04d126c7f6",
        "fields": {
            "password": "pbkdf2_sha256$1200000$D79ZIYRaM7vH7OCiaZtajY$YyNfoCM4K1QyB7ir4EtXNGVLKM2A+W2HfLeOm+AxAPY=",
            "last_login": null,
            "is_superuser": false,
            "email": "test@example.com",
            "phone": "1234567890",
            "role": "student",
            "is_active": true,
            "is_staff": false,
            "is_verified": false,
            "created_at": "2026-04-10T07:21:24.011Z",
            "updated_at": "2026-04-10T07:21:24.011Z",
            "groups": [],
            "user_permissions": []
        }
    },
    {
        "model": "users.user",
        "pk": "9f25ba2a-9af2-4b1c-833d-8ae8e2630ebb",
        "fields": {
            "password": "pbkdf2_sha256$1200000$gfeuAXJIM0C6jhLYCX6N2s$5kQ8TqUI3Xe+mVOLLP+WNCwjof6kzKw8jPj1kNYXOKo=",
            "last_login": null,
            "is_superuser": false,
            "email": "ompatel018@gmail.com",
            "phone": "2333565258",
            "role": "student",
            "is_active": true,
            "is_staff": false,
            "is_verified": false,
            "created_at": "2026-04-09T17:45:48.092Z",
            "updated_at": "2026-04-09T17:45:48.092Z",
            "groups": [],
            "user_permissions": []
        }
    },
    {
        "model": "users.user",
        "pk": "ab8a954e-fc0f-4a48-a7aa-cf474b71541f",
        "fields": {
            "password": "pbkdf2_sha256$1200000$3sq4w5Zt5ym7i8owAgn11A$BScvofX5cO4B5ggjdr2VjFa1N7T/pk3fqQ6GRv0R3Hw=",
            "last_login": null,
            "is_superuser": false,
            "email": "xyz@gmail.com",
            "phone": "1234567892",
            "role": "student",
            "is_active": true,
            "is_staff": false,
            "is_verified": false,
            "created_at": "2026-04-10T08:17:03.390Z",
            "updated_at": "2026-04-10T08:17:03.390Z",
            "groups": [],
            "user_permissions": []
        }
    },
    {
        "model": "users.user",
        "pk": "e330ec90-cdbb-4514-a2a5-e23ac9455f8c",
        "fields": {
            "password": "pbkdf2_sha256$1200000$S84riQtdUD4T02WxvXenMy$gqCg9n6gUZUGkQdZL8XB3E0o+Andl0aUdHqG/9MhNrM=",
            "last_login": null,
            "is_superuser": true,
            "email": "admin@admin.com",
            "phone": "",
            "role": "admin",
            "is_active": true,
            "is_staff": true,
            "is_verified": true,
            "created_at": "2026-04-09T18:53:09.246Z",
            "updated_at": "2026-04-09T19:02:33.574Z",
            "groups": [],
            "user_permissions": []
        }
    },
    {
        "model": "users.user",
        "pk": "eef10f53-b016-420e-9f6d-e9473e186501",
        "fields": {
            "password": "pbkdf2_sha256$1200000$y91MszEkwEiZCeFb9MDTpq$anBiZWQuwcoZmo2g17BA3xHXlJygHCb6a72hP8Bs0rc=",
            "last_login": null,
            "is_superuser": false,
            "email": "student@test.com",
            "phone": "",
            "role": "student",
            "is_active": true,
            "is_staff": false,
            "is_verified": true,
            "created_at": "2026-04-09T18:58:46.252Z",
            "updated_at": "2026-04-09T19:02:33.877Z",
            "groups": [],
            "user_permissions": []
        }
    },
    {
        "model": "users.studentprofile",
        "pk": 2,
        "fields": {
            "user": "9f25ba2a-9af2-4b1c-833d-8ae8e2630ebb",
            "student_id": "STU-001",
            "full_name": "Om Patel",
            "gender": "O",
            "date_of_birth": "2000-01-01",
            "department": "General",
            "year_of_study": 1,
            "college_name": "BusPassPro",
            "home_address": "Not provided",
            "profile_photo": "",
            "aadhar_number": "",
            "emergency_contact": ""
        }
    },
    {
        "model": "users.studentprofile",
        "pk": 3,
        "fields": {
            "user": "ab8a954e-fc0f-4a48-a7aa-cf474b71541f",
            "student_id": "123",
            "full_name": "xyz",
            "gender": "O",
            "date_of_birth": "2000-01-01",
            "department": "General",
            "year_of_study": 1,
            "college_name": "BusPassPro",
            "home_address": "Not provided",
            "profile_photo": "",
            "aadhar_number": "",
            "emergency_contact": ""
        }
    },
    {
        "model": "payments.payment",
        "pk": "174badfc-e860-40d8-88d8-49be15d04b3c",
        "fields": {
            "user": "eef10f53-b016-420e-9f6d-e9473e186501",
            "razorpay_order_id": "order_SbYZiP1ohWKI7Y",
            "razorpay_payment_id": "pay_SbYaOJqS0F717x",
            "razorpay_signature": "aafd1ce5075aa3f834b8934795bcae7caabb3ac8d230ace702c0a4abdfa63227",
            "amount": 9050,
            "currency": "INR",
            "purpose": "TICKET",
            "status": "PAID",
            "metadata": {
                "to": "City Mall",
                "from": "Old Market",
                "type": "regular"
            },
            "created_at": "2026-04-09T22:19:31.528Z",
            "updated_at": "2026-04-09T22:20:25.226Z"
        }
    },
    {
        "model": "payments.payment",
        "pk": "2a2b69b1-0978-4c2f-8c83-200c5cab9806",
        "fields": {
            "user": "eef10f53-b016-420e-9f6d-e9473e186501",
            "razorpay_order_id": "order_SbhxMJGue2WeZV",
            "razorpay_payment_id": "pay_SbhxqQzXvEVoqW",
            "razorpay_signature": "4e60c4c7cc8a1dbb763dfdd0fdc5936d6dac278ab4f4ee7e4b85aa51c32592fe",
            "amount": 6650,
            "currency": "INR",
            "purpose": "TICKET",
            "status": "PAID",
            "metadata": {
                "to": "City Mall",
                "from": "Library Square",
                "type": "regular"
            },
            "created_at": "2026-04-10T07:30:05.490Z",
            "updated_at": "2026-04-10T07:30:52.011Z"
        }
    },
    {
        "model": "payments.payment",
        "pk": "76e44e79-517b-4af4-9877-7076bf18b3d2",
        "fields": {
            "user": "9f25ba2a-9af2-4b1c-833d-8ae8e2630ebb",
            "razorpay_order_id": "order_SbTvgo0L3rrqNs",
            "razorpay_payment_id": null,
            "razorpay_signature": null,
            "amount": 5450,
            "currency": "INR",
            "purpose": "TICKET",
            "status": "CREATED",
            "metadata": {
                "to": "Old Market",
                "from": "Library Square",
                "type": "regular"
            },
            "created_at": "2026-04-09T17:46:51.311Z",
            "updated_at": "2026-04-09T17:46:51.311Z"
        }
    },
    {
        "model": "payments.payment",
        "pk": "97c3fedb-d5a3-444d-a11a-cca685eb5e74",
        "fields": {
            "user": "eef10f53-b016-420e-9f6d-e9473e186501",
            "razorpay_order_id": "order_SbYbTtvMsHb3rf",
            "razorpay_payment_id": null,
            "razorpay_signature": null,
            "amount": 7850,
            "currency": "INR",
            "purpose": "TICKET",
            "status": "FAILED",
            "metadata": {
                "to": "City Mall",
                "from": "Hospital Gate",
                "type": "regular",
                "failed_at": "2026-04-09T22:22:05.956467+00:00",
                "failure_reason": "Payment cancelled by user.",
                "failure_payload": {}
            },
            "created_at": "2026-04-09T22:21:11.894Z",
            "updated_at": "2026-04-09T22:22:05.956Z"
        }
    },
    {
        "model": "payments.payment",
        "pk": "b66752bc-df57-436b-9f15-03065aead66a",
        "fields": {
            "user": "9f25ba2a-9af2-4b1c-833d-8ae8e2630ebb",
            "razorpay_order_id": "order_SbU8COtmPYckSU",
            "razorpay_payment_id": "pay_SbU8NRQErncnOb",
            "razorpay_signature": "973034e82f52891bc91b220408e459f9c2c35f60a07eddad49b1e3e5641fb652",
            "amount": 7850,
            "currency": "INR",
            "purpose": "TICKET",
            "status": "PAID",
            "metadata": {
                "to": "IT Park",
                "from": "Central Station",
                "type": "regular"
            },
            "created_at": "2026-04-09T17:58:41.867Z",
            "updated_at": "2026-04-09T17:59:07.534Z"
        }
    },
    {
        "model": "payments.payment",
        "pk": "be59b189-2968-4af6-aa1f-3530c3a04782",
        "fields": {
            "user": "eef10f53-b016-420e-9f6d-e9473e186501",
            "razorpay_order_id": "order_SbhL5aREqm3LzV",
            "razorpay_payment_id": "pay_SbhLO7xekQPGVK",
            "razorpay_signature": "854785b45fc15d3b5deb3de040ac94da45bcc735bd7b29c5e0f76f274e1c088e",
            "amount": 7850,
            "currency": "INR",
            "purpose": "TICKET",
            "status": "PAID",
            "metadata": {
                "to": "City Mall",
                "from": "Hospital Gate",
                "type": "regular"
            },
            "created_at": "2026-04-10T06:53:51.742Z",
            "updated_at": "2026-04-10T06:54:25.889Z"
        }
    },
    {
        "model": "payments.payment",
        "pk": "db728f85-1032-42d4-9ae3-5300c0902e33",
        "fields": {
            "user": "eef10f53-b016-420e-9f6d-e9473e186501",
            "razorpay_order_id": "order_SbYqPqg2EhqrWa",
            "razorpay_payment_id": null,
            "razorpay_signature": null,
            "amount": 4250,
            "currency": "INR",
            "purpose": "TICKET",
            "status": "CREATED",
            "metadata": {
                "to": "Tech Hub",
                "from": "IT Park",
                "type": "regular"
            },
            "created_at": "2026-04-09T22:35:20.146Z",
            "updated_at": "2026-04-09T22:35:20.146Z"
        }
    },
    {
        "model": "payments.payment",
        "pk": "e1cb41af-740d-4c2e-a4f8-026a7ce0fcbb",
        "fields": {
            "user": "9f25ba2a-9af2-4b1c-833d-8ae8e2630ebb",
            "razorpay_order_id": "order_SbU1sLKLiElY78",
            "razorpay_payment_id": "pay_SbU3DcegSd2u84",
            "razorpay_signature": "0eb389ab026532957fe9fee33c125ad19632f7da8905ec941ba9b835ea2616fe",
            "amount": 7850,
            "currency": "INR",
            "purpose": "TICKET",
            "status": "PAID",
            "metadata": {
                "to": "Tech Hub",
                "from": "Old Market",
                "type": "regular",
                "failed_at": "2026-04-09T17:53:11.282881+00:00",
                "failure_reason": "International cards are not supported. Please contact our support team for help",
                "failure_payload": {
                    "error": {
                        "code": "BAD_REQUEST_ERROR",
                        "step": "NA",
                        "reason": "NA",
                        "source": "NA",
                        "metadata": {
                            "order_id": "order_SbU1sLKLiElY78",
                            "payment_id": "pay_SbU2IEKwaB0gP5"
                        },
                        "description": "International cards are not supported. Please contact our support team for help"
                    }
                }
            },
            "created_at": "2026-04-09T17:52:42.696Z",
            "updated_at": "2026-04-09T17:54:19.291Z"
        }
    }
]